date,PPC_Brand_Spend,PPC_Generic_Spend,Display_Spend,Social_Spend,TV_Spend,OOH_Spend,Meta_Spend,Yahoo_Spend,competitor_spend,google_trend_competitor,opportunities,sales
2020-01-06,33606.667082799206,12359.07521636279,9986.110338519498,7553.655262577213,23057.16618358653,12462.531064940755,5376.92917662896,2276.638236789595,52119.48463890039,48.90218638530995,2169.3685357174622,258.9493538941995
2020-01-13,24275.88404885704,14434.73830995244,15002.644017630975,8079.099845533928,20604.238251305458,11626.697706989227,5276.868373067504,1949.0540374981304,45134.45250371349,55.0109032063364,2450.7235798497754,303.5215320597267
2020-01-20,24797.57432568029,12666.33024317081,13383.768499996333,8005.6649414521235,27517.645795399156,12093.366880280419,4735.128755177784,2502.3086504773005,47586.04724886988,41.571041980430294,2279.740794022632,278.0438558211747
2020-01-27,26171.562213881272,13672.546166745331,9969.789473516861,9366.027541429485,27408.503166870632,10475.850460237707,4423.838650678503,2091.1486814338605,47584.8297605306,38.53778293191379,2260.4000385491263,259.510068678001
2020-02-03,19477.34674086414,15188.49149506485,10692.893859112519,8434.097169599061,27195.061693295695,9135.303112858193,4886.156988773544,1848.1644211206606,42198.477103932135,31.739803442390787,2182.9257998165576,253.1339997438787
2020-02-10,17647.464902649095,15997.525400566854,11063.03560654281,6442.742458539717,24472.837962233323,8727.281686073948,4151.441455589435,1494.131752892826,47530.64782350141,49.563917013806595,2393.720448041682,280.57768670044265
2020-02-17,19931.95562994578,18450.73856339147,12719.851151644567,5979.573748972802,22832.124123994236,7269.3585091242585,3861.4696176211105,1929.9282117143994,41504.399878399694,56.65637786587168,2564.6727379028516,300.9220492128799
2020-02-24,20717.28511902815,19217.97052586777,14019.95419860147,6585.468641654209,24610.996277719107,6294.032498206342,4203.847499544479,2197.8355607340604,42342.30893509301,37.70356116361443,2211.4522919102765,264.65195706037866
2020-03-02,22268.898176785387,20502.108699217377,13110.356824006518,6759.651085627256,22579.24080352889,7449.218705755603,4933.307274132736,2892.166551213924,50368.03784132192,28.052755917771737,1967.112783928386,240.9706864560609
2020-03-09,21309.59414500489,18118.76676340206,11378.68431712252,5335.1676449149545,22523.674711687516,8389.874549137403,5704.082555804633,2226.7648346826386,49606.81675381493,31.383439347357495,2059.7668588696215,257.21329039799235
2020-03-16,25683.85589101889,20125.9277771887,11506.489125208618,4970.953907674928,20352.90873092394,6817.820832950289,5042.537957946228,2691.0758370879694,41930.98026676705,31.327229781306595,2068.3954890976956,250.67285940152414
2020-03-23,28801.20200409496,23359.736037751372,10099.39916846541,4745.123182757269,18521.68877737158,7544.257206112701,5711.636042735603,2623.4130393060796,41817.07945255763,24.46672616043017,1943.7369462248791,229.6829970985598
2020-03-30,28580.68842117476,33608.623336472345,9716.96559258161,4645.124827419407,15193.129036094384,7122.040235679517,5108.156559059408,2870.1173580615414,42186.60820329892,45.13147882954805,2341.9063114790306,264.37082742844467
2020-04-06,32335.780706423913,42534.50310609165,10481.93889864502,3993.073069938385,12385.066566309493,7259.344682966642,6597.690294845714,2307.7539898924406,48420.65342780379,48.60550237549908,2296.1600542258593,276.1039231104418
2020-04-13,32335.021950602102,35515.12430096627,8985.73771600835,3899.6779552664425,23863.86963089877,7512.116430484106,5551.895369916428,2962.360075055546,40717.745780680365,52.68293248330399,2403.3316113014703,288.6059549057363
2020-04-20,27485.384379179002,25932.47510996479,9403.014018780455,3742.486692774427,21034.6720015807,8266.146919580273,6783.96442949712,3265.478112675537,46634.180233628555,46.610226392785485,2233.0595073302993,269.4305709079476
2020-04-27,28502.961576205504,25210.306404501032,9366.915910864254,4309.478302430713,16482.769633959466,7972.981954962664,6198.794110346905,3201.6386693396103,48489.49472308505,53.06637429165241,2303.60403823342,293.282406969637
2020-05-04,24702.088752866875,19511.52095542187,7547.977303598216,4695.08146112056,16370.463338723954,9250.116761489593,8199.9601069448,3482.5111345240484,44604.64246449155,49.40963734546583,2181.902960972472,271.7531276862412
2020-05-11,27798.13145318221,20389.09972940279,8129.632609832074,4388.4573258845,16531.351792513688,9055.159110254379,8444.00131992096,3147.539952943299,49782.76597895616,47.26096448671267,2175.054584274104,267.2870374588923
2020-05-18,26553.06918277088,17584.898492495322,8123.653211263554,4050.5882530275976,12835.226445948801,9418.954428972875,7224.966353754857,3049.985017577641,43651.230534229195,52.69678726797222,2204.746196126871,256.8729264946517
2020-05-25,25037.119460549522,15927.197064995515,7447.705658985534,4079.7375140870126,12735.388882912976,8247.58832839579,12688.313725980724,3061.135058051456,44047.86703121146,39.12544929389538,2044.854744096726,241.27861129803318
2020-06-01,22384.347858669888,17155.977566135934,6260.725697292319,3645.411036883652,14994.571778295409,11022.080088541514,12086.294651327133,2618.9127040679205,40810.43737288443,54.07658231392416,2239.5201227998677,267.9836578805561
2020-06-08,25751.138110809832,14035.393081454975,5462.762288820129,3255.704712656163,16825.195192234005,11062.163872792686,12290.40331778976,3298.261653096174,49818.192299066286,54.72037956893033,2205.353731371678,258.4391907725185
2020-06-15,23518.52824532394,11292.519700869245,5143.760649389972,3106.9284700487387,15270.693093358157,20924.765920573143,11017.425493336552,4003.2727124661105,41679.54350760656,64.02385732538767,2431.9577181443647,295.8386423772047
2020-06-22,21087.715801721813,10228.8493191369,5584.835558314488,3139.172348511348,30650.64371198719,13558.334047145774,10542.626306643764,3625.3264512529727,46601.82351279366,52.61572780735958,2234.471043003808,270.99179595418263
2020-06-29,19474.453586497457,10520.080929336356,4891.498261952588,2984.425349837978,30177.67999471954,11439.058656463289,11291.127627385222,3854.7863742322484,44680.21932825681,44.707261253662125,2077.886894180943,240.6399649572756
2020-07-06,20194.787261666446,8288.171855783135,5282.30561630832,3413.6982913498646,29495.088177655896,24020.96227828757,11058.86028940531,3718.2752739846665,40503.32961540057,36.4706072301312,1998.648066166324,249.41230161272787
2020-07-13,19904.161600852105,16426.285090065325,4530.429819850304,4028.281211416817,26630.886169283087,19605.294112487925,9268.263563826247,3883.103711290936,42340.842984296665,41.178867165423675,2094.943187000418,252.21166511052104
2020-07-20,19479.534899068833,12219.806254838322,4644.685758433272,3437.479866128517,24260.05462239561,13399.61275412863,8805.139338439214,3538.1197073070734,51673.73956427883,43.470960147684906,2069.3821577818153,234.49328975987981
2020-07-27,18920.098636214523,12224.07043152346,4913.223700870551,3813.308827713064,22804.549240426408,15125.852545411017,9694.599925696737,3202.393214391365,45916.67055437837,41.06147356429848,2081.179672496603,249.3308178328326
2020-08-03,22422.512053509494,7930.695121370703,6775.009922221711,4020.027354171216,25443.42177535324,13710.799028486486,11627.615830590716,3747.0580186152865,40680.44278196902,34.73662530835655,1981.4744241621743,240.02658254684414
2020-08-10,18159.48743918411,7218.244543545363,5312.162302850919,4521.714337134785,26914.070988364896,16447.62053116752,13722.739299334798,3586.0709865186877,46395.168121868286,27.656530088838505,1842.7629442276314,228.91389219880168
2020-08-17,15412.334575252906,6072.258445207487,6439.148420512573,4757.110529952933,29918.201319605567,15611.606320596085,13785.542325155591,4415.832399909608,44347.26714208465,31.737352867305557,1864.7816355970774,221.07398504663635
2020-08-24,13191.33353485605,6007.697067728834,6291.747044319791,4209.191352882673,30688.984112233073,15747.996114114638,12969.958058388007,3929.132227054099,63565.26224383784,31.665188057135644,1870.2710468609755,231.05603176289472
2020-08-31,13996.595303262691,6791.0304130351715,11652.084867401678,4049.6204681595505,34403.78147146478,17898.847290836697,23552.08526522859,3189.0864008573258,46301.52388828979,29.847294506842417,1956.6656469051943,236.29701352278502
2020-09-07,15325.491550203784,7006.6473911824105,9457.448722100244,4695.626507599274,34451.716146691004,15212.469851893578,29026.4165042275,3544.776363668889,43319.37545706837,46.25455149452681,2165.7878169568057,249.374101162516
2020-09-14,13900.021620645173,7122.317682297539,8717.55130178997,5934.431205622037,37932.684410469046,13546.61870806151,19436.1547763106,3473.126280452414,51866.09398262003,46.345035770079576,2289.605697675655,263.4313495332185
2020-09-21,11892.391460208817,7331.634062216108,7820.14434215181,4765.746087323376,41247.27611571503,13808.618652869945,13646.731913594882,3405.2415702412877,37433.23226215013,57.23637208747906,2342.1561778916625,290.0392203081943
2020-09-28,10730.823197197693,7873.599010729313,8989.1735105995,5715.122273605502,35946.78897791925,15758.700006833435,10163.023168809872,3490.411108059528,45426.44867750723,51.52308020852168,2250.6845558536297,279.65002012948975
2020-10-05,11967.916295698618,7208.433044848883,7964.120544916992,7232.773485031952,29349.879741506717,13183.594312930127,9992.401226443604,2792.4016637141103,54932.509912523405,53.17667443720659,2417.150634322901,292.64134996198595
2020-10-12,13005.383828364644,8467.292140696947,9069.309852041884,7283.703241110034,38656.80392386736,11191.731024544662,17193.77550259354,2527.8814337266053,44480.12949890546,52.0975314197146,2507.7044227629244,312.89018450099115
2020-10-19,13445.62229158921,9483.062895392566,8119.623597782437,8071.3365992171075,39734.787094832755,13442.344099635939,14191.704855488108,2317.512600780605,37838.6998823856,38.0970466596267,2205.618198845825,273.12706265383184
2020-10-26,11948.925241268409,18045.272803826414,8251.848818423594,7514.808728761246,31953.542787418563,12618.89918927006,12100.29643447878,1884.6033588005705,43253.17725959602,51.90434377781266,2361.779622831777,288.882584575651
2020-11-02,12417.266190867409,15802.973151565291,7516.290229815704,7775.570678136469,31225.284547572875,12263.666356997535,10330.955474917982,1836.257779498767,52045.28962596349,50.4422461659908,2431.2566065553156,284.4603008767685
2020-11-09,12674.49862788581,14294.744279721186,8640.776863229214,6696.757799912194,36630.78748664979,17919.75940870445,17111.454813880166,2158.368433952857,46724.53724073105,56.32514268985632,2615.797778356567,327.7471634110468
2020-11-16,13148.805656611377,16794.665308129697,10825.208632101407,5609.122864900929,35613.81003480143,14447.410455267851,12062.885572342013,2076.320924936369,41379.13957398483,49.043884372192586,2524.313962167097,307.2080869177178
2020-11-23,14751.551656747955,14720.025127390843,10596.023626233637,7450.182272847249,33742.85245319185,13391.15850340073,9975.281005821196,1657.3240125911148,42019.68542414386,47.916352445115955,2541.3272175950538,301.8725559145135
2020-11-30,14918.890778619612,13399.376906118105,10440.140178779024,12828.086310439288,40591.22591916266,14020.611949496995,7562.3642603839935,1384.3209543727323,42550.53645829163,41.39826307670592,2532.8571676067577,298.59670007036857
2020-12-07,16120.626931358627,12163.350020952214,9372.369257117949,10814.184717281369,33730.899358063405,11569.695309925626,7091.641330560864,1801.0537842433212,46655.1014975839,53.006598323471884,2672.9697599031874,322.8106414404934
2020-12-14,16016.406908830828,11240.172119627487,9815.947095310881,8638.433270156118,30413.84218794089,13421.468025786626,6947.704448385516,1723.906828074489,51443.396342172484,54.89655343838291,2722.6777478803187,313.3528570669306
2020-12-21,16664.420740055244,10584.818861305806,8659.832822083106,7413.515834828336,31635.120034648207,10959.88668797952,5762.294762465839,1563.9538207770931,49994.089630456736,56.85367096415344,2665.2494310309166,325.4273179265329
2020-12-28,18136.62853164838,10791.777763026514,8715.280072204308,7737.422485917259,32643.73562779167,9439.365772229201,5499.942732047999,2763.8783231448697,47099.56229979606,66.34840994816258,2826.99167583884,331.6104345831086
2021-01-04,15186.824410436768,12232.27899001051,10075.803983851183,7381.61580874055,33184.74750138691,10989.58405282953,4872.364666444064,1928.7451452393361,39389.44999267337,72.32945833372224,2871.825761976412,347.58395630776374
2021-01-11,15793.973216792025,14115.03364859221,12647.858424413054,8094.841168808481,34645.22259368912,10177.004336116479,4520.24877626329,2171.715139657615,39404.07504016416,73.98630695606808,2863.7888006489047,339.4816933790033
2021-01-18,16197.245919720131,15147.58563630018,17529.768707991174,8570.398457525142,32128.859783806984,8697.554899513834,3983.2940634995803,1898.8173824507342,47464.76716376343,57.81522678855477,2617.970485678674,312.0411085796432
2021-01-25,16416.752401627906,14519.396743054487,14385.231067989187,15549.411091794711,31110.287858485834,8119.40639862204,4869.613255831372,2167.8147162218224,39335.02644083166,50.68674847471034,2540.56980863,298.81309805347945
2021-02-01,17588.02049874343,17386.34231200891,16051.557864275712,12413.948815255862,27349.9090164177,9185.914298191665,5408.509647419582,2038.738874706501,43996.3109194487,42.51829369167746,2423.997141961106,289.58982158588634
2021-02-08,23102.122479828144,19285.262009269452,14842.02840003966,12394.152626718082,25683.81170447252,9976.545541814343,5437.799821523893,2339.3480576800175,46389.7038298024,49.834904502348365,2547.1474946966787,320.7727357317402
2021-02-15,21076.310870707857,18588.432955908036,13337.172109178611,8863.153891848582,24366.52372031504,7928.873590110012,6500.001969695774,2252.786096982745,40161.26967246931,51.23313913587911,2508.82956536316,312.1400248599683
2021-02-22,25063.119838862738,17132.39744715836,13206.129612532985,7908.514861469119,23465.614927462655,7438.065733329702,5659.251331900998,2396.996941678136,40619.012953393285,39.86241183965853,2294.2432665930323,278.1450236311275
2021-03-01,20636.093540876605,18755.20880231064,22318.49727440665,8318.079431610937,24110.296563084496,7210.419940484838,7665.512373764435,2495.6363825747094,44578.44219498083,40.379975767637006,2375.6217129418246,284.87225142849934
2021-03-08,21581.56314475393,18995.900548982358,17302.331577520796,8575.944653990751,23574.047192465023,6189.271553666687,6371.076976002962,2575.9982503408614,47324.47097700568,30.351081928359378,2158.7433515999123,265.80281171753256
2021-03-15,23762.495640109108,15661.798402838493,13573.325170351998,6224.155478780183,21578.059466468436,11266.591038414163,6050.986199356884,2589.356700971279,50039.583729629165,33.85561363812942,2215.5786427231583,274.90920027963944
2021-03-22,26759.4747919737,16189.678907208849,10129.276136806071,5672.206577492065,18190.5134274412,9316.264696681965,5478.271085404581,2467.1713145014132,47816.35966017539,23.841510878606055,1967.105465038909,229.4141087470088
2021-03-29,29440.20424340366,17056.686648279618,8090.78316319636,11547.111557340564,17922.665007401174,9464.882786425058,5711.600961597305,3150.4980005134666,45332.67837120378,33.303828649961744,2110.6971069651795,252.6641418947639
2021-04-05,31669.896229647726,15183.856328659505,8941.117606460206,9047.978402447328,17424.095151830465,9691.602057993503,6299.232535536993,2679.8491927852992,41764.34622444173,39.666763928241984,2137.699574003829,241.94828304391487
2021-04-12,28924.174034825428,15845.600744094154,8381.456216234048,7325.908809471091,17479.588349442663,8245.078650986326,6088.685704615616,2738.743179006094,40429.98813513853,56.99699908936864,2384.8040262285763,295.1613000295163
2021-04-19,26811.467531938037,13187.708877693976,7595.584989460153,5994.854298295067,22238.163980115056,7596.492074967809,7601.464638226709,2828.6337857188933,42758.78968594593,62.380585587473654,2440.254516128449,309.3507359970207
2021-04-26,29742.55817297976,16112.568848468063,7524.507640048432,5095.842609958027,18726.937649436655,8092.47174587403,7431.944692596463,3074.9136742645965,46883.042751362926,56.5211544233989,2350.214656018236,282.666419719173
2021-05-03,27845.415004953316,17865.80906003362,8075.901243582031,4918.248691148055,18788.804599753345,7351.197979554982,7485.211479053465,2981.8756816228747,46540.591180846306,61.761484284915,2387.492430475596,269.4990106578474
2021-05-10,23204.1175847104,15686.763480620828,7723.250033995131,4465.468782965027,20421.381207614068,8064.643970445213,6646.816802532442,3239.3395273968254,36476.648590132434,48.22787638037057,2214.309200172347,270.5882281532979
2021-05-17,20732.999218303466,15248.14199108873,6678.4979020965575,4272.09844452199,19298.649008182685,8020.284405737045,7345.791798876449,3264.4613097727024,41599.7761791383,40.88252027484777,2023.5570870264223,235.594137113978
2021-05-24,19518.96441618185,10539.933334186428,7504.505772774272,4192.434311905672,24528.558258363963,7308.929959165213,7465.2606377173215,2797.531960098811,50760.2336023593,45.371156476479094,2092.7456202210456,245.82267889320977
2021-05-31,21930.982415019826,17034.63173841659,8332.933986110493,3772.739282199573,20894.722313912556,7011.176275420155,13044.343743615325,3088.549378393917,45357.88333094034,29.030927879199858,1850.3961373804784,227.06014760398543
2021-06-07,22321.825300688484,14085.238816710598,7738.8552580467085,4072.2678918361376,20717.86900332891,9269.61542212912,10369.907353830318,2901.2137605524085,39054.636376122304,32.92745602388882,1856.551031397191,224.8225567717647
2021-06-14,23719.471288202792,11142.02018304526,7733.318465698275,5706.665420394963,18243.28770140247,9336.24203713479,13710.112622281727,2592.4970903699905,56954.03892541857,28.179858482163688,1890.901065356849,223.00325764011305
2021-06-21,21207.390556036582,11658.626113201475,7917.050305184954,4063.718865405257,17980.36582504561,11849.15976598297,11711.561695731003,3022.5822127311976,44869.95048826848,33.354343226957056,1993.910227554965,234.0723822457825
2021-06-28,20781.490403352273,13786.96628540431,7882.23899708125,4219.4135598430585,19445.061733563467,10875.773394465818,9267.596205127478,3482.9717680523117,46763.16805512799,28.06158371718754,1913.2431320713292,230.59586429032618
2021-07-05,21302.868211905734,10353.361980256843,7357.180546824579,3827.5086063063227,22350.53696845105,11527.279884540689,8804.464891528864,3828.2173034409893,46834.25901591964,35.84325207339154,2012.6932810700257,238.24746930830412
2021-07-12,19004.487726815114,8834.965831379384,7007.516075726647,4260.701499181388,23371.20339466535,15662.308498135368,9276.145011265504,4072.442421355849,43375.85470790661,38.82922104805235,2022.7065251022073,233.8508859434408
2021-07-19,19002.767756525234,8960.776133885824,6726.664670102738,4337.2409454694025,27418.378073587668,12833.260954517751,10371.327202067165,3120.331738574039,41842.18836585773,52.26630417349252,2207.289063826808,262.2141822073901
2021-07-26,16329.744899086983,10563.16128810398,5407.6966550249845,4845.39746024962,26328.02820589978,10339.817983906358,11204.789738182531,2786.8472178861593,55635.97299051052,51.866919611606995,2243.3611549931843,271.9200795852236
2021-08-02,15086.458649276608,8301.569974638365,5848.834538214248,9996.392327409447,25377.089045240733,13337.325162349633,11974.995987942371,3823.6395326868587,49748.63752174986,45.344393249593864,2174.6880038652457,259.5377327292724
2021-08-09,14077.535108769862,8419.846418453993,4840.55894538346,8029.391941294258,36307.276074910646,12349.980265482269,10664.15101452867,3229.112104262267,48854.97471680536,44.30042775305683,2088.7898125198844,239.34670871640063
2021-08-16,12032.822640546638,10224.1187726301,4618.051751516457,7927.048881233538,35333.689164769195,13063.577584042767,19981.52582119142,3482.2955952215284,47669.482293521316,34.686451026311616,2036.5310902230717,252.2962477977729
2021-08-23,13128.100236556502,7634.215803668468,5821.804715964757,5271.436768492913,30872.984705756775,12756.19251461358,14357.978440525738,3083.455480479771,40704.17840669437,40.998258858692814,2008.8064441534627,219.14628180286886
2021-08-30,12249.00853087526,6605.440626029085,6480.033858853694,6601.092860921991,28803.26357174531,13992.0416233787,11861.506171990424,3073.710792006855,51132.254875174694,47.51740905747643,2090.5193411369655,247.29139969620837
2021-09-06,12290.790646466705,6682.705051772292,7611.765171075679,6724.153273072235,27101.675632382496,12880.175513871836,10018.759660143716,2768.4839614073844,41361.44736760892,67.76749553952368,2489.3617091681604,293.7618174637479
2021-09-13,12933.488341248963,6688.56385949026,6946.586088104081,7538.755239122294,33051.35907952965,13403.405237017088,8597.577388476137,2933.159491363762,46293.01887959502,59.2393085067837,2317.1060011118207,279.2381511563898
2021-09-20,13242.820370555193,7908.757207193238,5985.070555628223,6273.33008713624,32518.95936683724,14819.476147009673,10073.6737653281,2842.4612231139413,38195.72121360448,55.2490902160255,2205.864038990079,269.19697914123134
2021-09-27,13760.691734051625,8309.170587397735,6164.763347494712,5933.360303519364,34443.53403459049,13237.541674134873,10526.700928750417,2549.591232184893,36692.65521702808,49.59320397731467,2157.8478164615253,267.9558564414713
2021-10-04,12858.33608809003,6809.232547430389,6664.570836578583,6538.7060186600875,35194.07295346835,12696.802124105023,11043.613018539918,2170.7239420678407,46455.34878277139,51.37147279090153,2352.9864508500395,276.65913511518744
2021-10-11,11846.387836474994,7974.158558945015,7118.628228722532,6933.632495920206,39461.11472175446,12796.842227762998,10016.507655422809,2250.355092163072,41502.454208853414,54.150702508558126,2278.2618921582803,278.08408575766146
2021-10-18,11742.768514042255,7859.160275993401,8586.848401276551,7570.407538532088,35276.04537585439,11192.237656653406,10096.136734210178,1896.3886577946746,36882.815303607385,52.89356325141841,2365.6286646390254,285.4419868597347
2021-10-25,9679.420079670452,9872.353470814915,8253.862159294133,8932.879139960165,31931.33431365648,11447.515117447298,7352.303723998164,2033.079591269367,47499.70212959442,61.00545793611899,2520.8083929278405,288.80469214987505
2021-11-01,8852.142396859535,9263.287565766117,8918.349631640618,7140.947211343318,34930.14684373605,12239.136554509983,8050.686745712867,2728.715512310312,55627.1041326834,53.86853031885697,2397.216539768225,302.8703068156599
2021-11-08,8558.177532455189,9031.672257442782,8120.804525713601,8650.779944148271,38600.245444911845,11842.41121978642,7723.9047414998795,2796.792713296687,51708.310621573095,60.98421663821127,2545.9461751823233,294.0033400039572
2021-11-15,8803.598904364502,10415.946336463445,9227.23450488421,8785.707660876602,39655.86261817608,11590.510003729407,7794.982850613962,2603.2149050012817,43856.84036283514,63.09535613969768,2659.0825527909114,322.44588451338706
2021-11-22,10740.149581736998,11949.520043361816,9643.824501306279,8691.352140491723,34916.517252832615,11587.199597827668,7480.812645187779,2233.245730256558,45039.82148920413,60.38004555256657,2598.787109785064,314.97413272778965
2021-11-29,10600.01882806112,12810.864589900571,9189.872086958818,7431.103932630521,38052.57227841711,10550.181726031497,6078.907095248953,1605.000046986975,49177.34822002586,55.784543315996096,2508.775941344776,303.2582072200058
2021-12-06,11371.365397108937,10563.286756407848,9586.051156188858,8508.04489142318,33543.60878634303,11461.731557342851,4917.764279734129,1385.5103681201217,50343.79084775538,74.04097672264783,2863.626017494114,339.6785070420008
2021-12-13,14799.016565769023,12382.100888141467,10014.913909169847,6533.881232666316,31326.751974465205,12990.180683569926,4640.46170772331,1714.0677833167201,43480.34156434016,62.69671217218163,2716.6709548527797,332.6185357914576
2021-12-20,14650.076595195305,11559.793584660385,10282.626250759182,14247.793417518835,28074.188047032298,11016.926512200405,5140.494592651323,1531.7565765188938,45154.06284659994,62.540835153492615,2790.354340419879,322.3595810588407
2021-12-27,16893.705516492602,13078.194181011466,13447.971888220605,10099.840737999972,33693.87689969765,10896.674985258858,5512.992491363696,1439.4998271793643,46373.305002428344,54.03091556085703,2712.4536008480636,324.96780179237624
2022-01-03,15442.256917087341,11782.518244747433,12846.184966742452,9642.2062315017,34436.63016962472,9747.69397646168,4462.901158260926,1477.3471591143536,47562.76093697598,67.50969843765607,2848.329510737251,337.2885438760504
2022-01-10,16186.509042001873,13961.922621890588,12278.260650084363,16330.085641696385,34208.709851877895,9589.490849082118,4042.8855850607206,1355.2639615080436,44405.12299574701,71.10236938051848,2739.9160831265162,323.37154643864574
2022-01-17,15537.253570179586,13569.476937524327,9543.150042409732,14739.229517847421,36138.1433718566,10789.005049896408,3887.5026145016886,1264.5251997377788,44462.848053317444,61.455096473685636,2661.384359918138,322.7961054898049
2022-01-24,16564.192163038922,12704.060784381054,9337.489402459474,11573.574920613035,44379.011673624744,10114.578760430843,3944.8956565348553,1404.002504748452,51658.033603558346,63.264837126398334,2684.7037780684395,330.7842817099702
2022-01-31,20224.276525875914,15588.053035730169,9885.747361860655,9160.933955425562,28951.13576965208,7281.312884498203,3524.577048412946,1372.7204968885453,50785.68685263109,62.6734354713311,2641.0073478884306,314.17483565191674
2022-02-07,17184.98050113649,16922.462481588835,9687.608480743804,7921.519897575357,24208.757893339098,7596.88264504687,3254.041378352465,1394.1811340190238,47200.45569565793,56.00575028126698,2586.751953133626,316.65568309544136
2022-02-14,20325.01930811518,16168.510277939271,12148.54856215831,8773.999511469543,21497.14030961089,8493.876756467682,3329.289120505144,1420.777385188903,53440.74108670171,60.869913962838964,2653.968466211606,318.8741412689495
2022-02-21,22424.16547668277,20141.94752864135,20823.651246869675,8434.381427452738,19033.247776270513,7612.9732709203245,3786.6175911229984,1707.2530666243144,43294.16695367593,61.810374299106456,2685.703883984645,315.14260840425334
2022-02-28,21875.56315402921,18503.752250136306,19313.955018495883,7228.833306020125,16853.31699095787,8160.394232628465,3561.0895657156198,1785.7390533739924,52929.44681893547,61.17388915037278,2624.102293685694,312.8286584963547
2022-03-07,19617.30708300786,18481.04474027866,15658.535836194587,6537.879483071561,16857.760026597905,6950.403972314926,7061.3071193742035,1882.2185451680893,47508.75615341155,58.60375363035959,2552.00986928148,303.84529718744466
2022-03-14,22091.789347912905,18904.669805960366,13419.213219004123,5127.466998743687,14915.643856851293,5685.170930110926,7124.107658382212,2175.655408327893,62412.47042678326,60.33143884508488,2512.623466035677,295.9415366242377
2022-03-21,22322.969565048712,17124.180751882457,11764.953936639524,5439.520269701675,16414.69925314873,6070.712075383261,5465.362353394907,2227.362006872572,39941.436631866876,60.10025236800758,2469.015621974387,299.7097380661731
2022-03-28,24707.531214803992,18139.843353574794,10737.239419689033,4294.218027674641,16732.943123117308,5061.182999601696,5320.213153015121,2265.629383279557,42002.45061463056,58.552948558606204,2393.4858051128735,289.0954661151829
2022-04-04,25761.28132156598,16513.88264972224,12212.642963040102,4898.013094538888,17712.901092285014,5423.296932471406,6153.271716631749,2551.64140460885,46924.61006039798,51.714231518984455,2295.9106691781244,262.7840827152196
2022-04-11,31961.023021514986,15569.185984419128,8032.932308813658,4876.889534549319,18346.97919095633,6863.252191519414,5781.548105162466,2872.83846322721,46823.53190652482,64.9215151412875,2485.1752170644313,285.00881808581687
2022-04-18,29385.014895234883,18282.461885111865,6242.030359443234,6290.0349655036225,18932.270957103916,5501.146883168293,5543.631020239563,2861.7394498120493,54689.75448779672,53.53385256624162,2200.5548133406996,267.46405322653
2022-04-25,25188.259751374975,14979.970698169442,6199.0380832763185,4824.500575915737,17173.96153874053,5196.082824066645,6763.292567280112,2980.884723669289,42090.62456374426,56.24817180403126,2218.153621743979,259.6561431789212
2022-05-02,26130.60668749745,10981.647687922383,6483.656573747371,4528.90502732881,21776.994373123063,5224.050557790586,6569.556037717734,2801.3111384326016,49262.06644848711,52.43661150481354,2089.977484404639,253.21362736935927
2022-05-09,26642.21640171691,14297.72805110928,7118.266520466466,5413.233551948558,20336.842280568566,5972.8292174800745,7775.231482408185,2701.252939757325,50547.262527351464,66.02566735944524,2432.58566830681,298.15773282169073
2022-05-16,30588.750566673334,18662.136595693304,7252.664951763229,5614.139947669009,15211.93453868343,6381.874726592978,8144.2073595479815,3246.503716436808,48285.30514157075,55.59267358976546,2289.0980186591655,264.52413953985535
2022-05-23,31022.813923849597,15287.796754834648,6526.352881995873,4562.512118227213,14074.166495914216,8371.12502976927,7785.544995729361,3555.0867170036945,40876.807792459935,48.59203277772971,2193.254658062553,251.8982609308969
2022-05-30,52458.42141238099,10973.983375435513,7115.123757525419,4441.671195140479,12365.716301756314,9631.578284817491,8486.062212080065,3807.4446850223608,51802.49790959501,41.11508171608917,2010.9702767199974,254.71188666556202
2022-06-06,46106.24982186855,10562.437007367596,7447.1766295135485,4248.999527239723,14199.635687268114,10164.788643791013,8944.910960339052,3923.2344933113977,50886.363647628204,45.47978578047622,2234.7122106638435,270.9780315433609
2022-06-13,30334.504119888163,10154.811256666062,6860.725339100493,4277.524586135676,15478.93567702173,10278.68239621052,10215.874965958255,3905.766055751306,47780.65936146343,35.39942334783184,1975.6743116123275,233.72699214009313
2022-06-20,24257.917534850247,9847.55829587347,7082.884403982428,3834.8335175416205,15933.855812264334,10860.272545954658,9348.054996802453,4219.206978883916,45929.02446421096,34.491310720203344,1986.328068031539,230.88784454261454
2022-06-27,19909.649099350372,8505.446296612967,6615.055290366449,3866.748874114741,22208.829944381356,9856.109859086118,9581.092871450674,4564.69241471785,46029.076322754,20.374121993328394,1788.7590722435916,210.56756187797274
2022-07-04,18340.942569691946,9337.993176683667,5701.249824079802,3270.481656233873,23513.029912337606,11572.678504293774,9711.275353597945,8603.180064561864,44647.08012942204,28.222668427687438,1819.6463039843775,208.83297778921883
2022-07-11,15169.48105789759,9728.510267052212,6008.500923243875,3647.8223930492713,45653.924798866305,10311.352622862225,10824.916857081656,6362.461459516819,47977.92470760087,28.576415872099847,1850.0863569177566,229.0776602228555
2022-07-18,16768.238122628143,7751.587546177633,5795.133584073261,4115.279572495795,32577.476052770446,12273.76939455142,9495.19995691676,6210.871309941847,45140.32517507999,20.95667874622505,1761.8343012231182,205.20610691792362
2022-07-25,15870.13259284482,8616.843221441934,5600.046839913629,4158.568081691213,26422.01276667568,14542.89812364963,11183.44900728313,5275.552729738036,41339.14997489158,35.450218220772506,2103.5052957578523,261.1689121966724
2022-08-01,12965.735697267113,10773.3640752111,6564.187139874039,3597.4047837468074,26587.464682839407,14631.76388358859,11662.135820352947,4928.710741788538,40520.30981333918,27.898839389538495,1873.9218743985277,221.66559356966323
2022-08-08,11823.067770723148,9882.380157951566,4575.080492025835,4546.39481967887,27621.275224795718,14181.444201676572,9670.037785523458,4467.108680982754,41739.95670545934,38.69462103185652,2056.721671404096,238.459799099553
2022-08-15,12875.387144253202,8756.705975067407,4131.080159148347,4995.184261508834,22579.451560795784,15032.761321619713,11560.037025484851,4116.399267466562,46010.77986957075,35.34737023358279,1972.1485137900518,233.2474089506958
2022-08-22,14308.948006497172,8273.905302850606,4016.062479413912,4741.3535534784305,24618.905616073847,10635.605145552332,14611.500665445723,3417.569956978778,44878.86207809275,51.09046721002964,2170.7081498080656,239.49164375695653
2022-08-29,17415.58581835355,8738.651819301813,4405.957501188076,4922.5254147112255,27067.954764993294,12483.452842137742,14574.19747570589,3540.819523180414,45979.556284297,56.86877807943288,2220.4044477747907,265.4823851195828
2022-09-05,21884.153919873348,6852.308025717678,4806.191764890957,4436.649311009934,28403.41681996739,13223.507884275408,15175.660135328417,4607.488502487002,47311.046200394936,47.43063949655408,2197.7037771012415,262.3634997231077
2022-09-12,18668.780507091935,7380.839734858099,4442.017374623622,4470.017782442643,27620.590974926185,13847.789996753729,13121.25574561252,3650.3344826141984,42263.77757853477,40.60785117956081,1970.5121169161714,243.05939600232432
2022-09-19,14149.771596452669,7298.14479144885,4566.179799307317,4847.3056028884785,28335.872876749865,15610.58625702057,9560.396501842286,3250.9813015753284,52103.3114689861,47.33048258544313,2168.3038013026976,245.10601673245665
2022-09-26,10269.54012029564,9562.716326604506,4799.5248816680905,6424.178658206643,30365.68354280611,27568.474234436922,7508.190914868866,2782.8329805707126,43811.28388136621,45.76536102267317,2075.9068467075335,258.4037524918124
2022-10-03,11108.648502854032,9040.431947927365,7513.762685847193,6266.055405692607,33032.4176934933,19402.187862665818,8130.431327133005,2458.171217178685,43091.24271905965,45.25754876196761,2135.407706913428,262.8137191895926
2022-10-10,10279.909122717774,11009.200109243428,9463.104040601771,7297.771779485506,37296.86542436731,17279.81829917708,7609.706414769068,2843.7427868330165,47223.94689971978,56.383949903750874,2436.1017988205936,302.3485643680605
2022-10-17,18514.552772340696,9099.112712721357,8583.362236008157,7091.884628922012,42856.270349651604,16281.125750812356,6893.371746223117,2355.7109792796077,37450.178246305106,49.11764893604105,2425.574690250084,290.647191821977
2022-10-24,14805.343330363663,9999.137570060531,8249.393983547812,7743.922830851052,39799.55910798135,15578.363505439049,7034.338717660551,2100.853288421023,41579.57432144709,50.02446932623648,2413.2707387192427,297.7036633191311
2022-10-31,13648.90233646755,10464.535027562599,7445.503742353922,7907.919037537111,37146.51910315684,15030.555655720089,7593.712669146872,1681.1337238457093,49638.65027215577,57.65659781020763,2572.6379844942753,296.9466058600578
2022-11-07,15104.286539755623,9507.700932352009,6467.330695076141,9132.783217860173,39395.44007299277,16085.167984687165,6115.037146957283,1585.189257141079,37823.11020391014,62.598218155250905,2599.051089102766,317.59051121396817
2022-11-14,14627.969399215868,10309.611699831084,7434.3632641040485,8526.668621783661,41549.718443973805,12825.872466189898,5885.795253715722,1345.125446236684,50320.87039616299,58.801673184035344,2535.6376554837098,298.1072165612456
2022-11-21,13971.695756971032,12528.077837291778,7431.831340758139,7232.79872453235,37649.292141699225,12669.579476209412,7137.147091733114,1584.6705210182922,52340.79815466923,54.73009150040701,2558.8927287435704,293.855912789845
2022-11-28,12381.628004504184,12041.987292778666,8402.615350965161,6665.651964369065,40507.93683501465,14121.10776527234,5833.799739081969,2267.631950254147,43367.78810576672,39.873549500158155,2364.81463350795,274.7846318756391
2022-12-05,19380.84671985588,10139.000830042762,7678.08757973328,7001.761126150731,42961.48025906373,10354.548031735572,6361.336394031022,1945.2480103414043,46332.50499573828,33.448879658804955,2294.3012877342308,275.36040363714187
2022-12-12,30406.443413902925,11278.897682783158,8088.792651041377,6620.388661297816,45736.965997369654,10458.361477316894,5637.228701402105,1500.0251346752152,50328.48395575552,39.30597753964183,2527.684402200382,296.727734598305
2022-12-19,24259.40338695283,11053.003701671969,9410.934293872993,7758.452970816587,49774.65349492643,9430.964106449668,5820.176802019137,1720.2746859974072,42947.720383407126,40.341724520175575,2499.6598512952687,302.96777040899866
2022-12-26,26533.922397473416,11851.947722062276,10725.59839051193,7695.207757254643,37691.44474822222,8888.125872154833,6275.754896529597,1547.157994949266,49079.43175407913,42.87279624467027,2625.1367129942737,300.5505051192807
2023-01-02,23529.116659221734,12983.500906718768,11798.002663557809,10675.362891728673,34386.15755235324,7883.531294319185,6253.472787018046,1845.8286297913796,42078.94977321967,52.612265872808706,2624.9479363368528,297.97697201149543
2023-01-09,24544.664245307285,11486.67293593747,10209.445486991905,7981.7652084210395,31825.919044183905,7834.190918160475,6315.831470435111,1720.0278588248286,42901.30566004841,42.591227825748774,2380.8335186456884,296.6791217106312
2023-01-16,21497.43037301102,10847.023225833773,12063.013164391568,8242.484400754292,29340.980495061816,9778.382393899024,4934.885533916593,1585.6823848746221,41542.99202167333,42.18353984273782,2371.7005612823355,291.8344683890917
2023-01-23,18481.760247152426,13573.643166773463,10997.028980460023,7078.214637412862,25582.301619716338,7669.6981910750965,5495.908572634408,1601.812584688703,46568.633316084444,45.25651958148,2446.1245230277577,285.14056807602043
2023-01-30,17486.591428295567,14029.404850080242,12242.797971202765,6817.070268165618,20788.21639307196,6539.837826483402,4647.880403978708,1822.8240555439015,50524.551933008326,40.57193616458787,2432.8091259653083,291.9130979680727
2023-02-06,17632.52219007161,11284.139560253558,12071.79490675505,7065.747665141037,21566.607160317148,5738.610616541542,4766.022017781522,1782.9585364012564,44179.072166416736,53.90936584308963,2533.102000141883,312.1282964986365
2023-02-13,25326.44643641323,14695.122317839743,10066.911759047207,5289.329467444218,19580.591510669932,7510.886569323656,4856.984925530219,1724.9853917642201,39628.064778688145,60.39618708737689,2516.583496872264,305.3436244909965
2023-02-20,22783.629694784508,16432.154324825267,10054.098328211056,5855.691272527408,20043.54605056264,6827.917822566706,5077.483665608016,1776.156980885119,40382.30958629486,60.63801628661155,2440.9632370792006,294.1013732189719
2023-02-27,26248.894741065356,15687.589127648513,10770.246011268331,7504.596034327904,32458.97034049779,6726.113553607852,5169.858864297104,1617.3402038803965,46811.19725574118,72.86426726391792,2798.717032800834,344.6072765866009
2023-03-06,23571.840058566573,14119.484001330613,11444.864511401447,6526.746225722809,23449.27387673467,6344.8150726149215,4580.412132335854,1891.0674675273203,54112.982595914356,56.300251574253195,2467.5864062424243,290.26466894748114
2023-03-13,27596.959989020706,16987.24661119396,10713.90913151249,6377.2830325985815,21999.887123461514,5717.547525270138,4027.425227166751,1639.4125200691958,46807.104160363,54.978391010557104,2483.2420966396076,298.2384791860699
2023-03-20,28788.44690924667,17944.049580209812,12344.98739156617,6765.588935019609,20670.13918986951,5824.124842471136,4896.857384695293,1787.152030445514,43292.21534673175,56.913408559918174,2421.401136494577,290.42534727301006
2023-03-27,27819.107399973436,23520.80359071124,12496.455043468044,5992.902940287615,20708.05649641336,8169.543515574771,5192.384878486779,2223.856315182454,48583.350332297516,48.21428647358316,2341.1571521408164,278.7567618755296
2023-04-03,27617.748506411972,21922.022497222122,10633.829398935197,5183.850022084845,44934.38624131501,9004.759420996787,6148.020552627226,2470.825251121202,43935.059631427175,50.97714551340835,2392.184020053511,283.9436383150553
2023-04-10,25507.181272453545,20601.28372149648,10611.487668810072,3791.8408890196515,32684.593794757722,7381.595975663601,6043.243052193109,2787.1937548220035,43329.51177253317,41.92905646042365,2155.84905840391,259.2848329110971
2023-04-17,27553.348537794085,18254.882190376942,11995.09848909732,7796.39590441018,27168.33639653302,7839.401845752018,5163.65879624753,2833.7489229784946,40887.18052007325,49.067703714532946,2274.0502742642816,273.16129287959797
2023-04-24,25861.753564876515,18701.73248235939,12799.52388400094,6244.461969629305,19958.714399099576,6902.583649321315,6307.081827626256,3375.447268568506,51806.07260727257,57.71684111665761,2402.1747942043203,279.8735541642422
2023-05-01,22458.590584555393,32877.62744607776,8948.091799012705,4801.698118149361,15951.685124456862,5746.246199726048,6229.849367877365,3727.2336319724573,34908.89605516712,58.35214010235272,2424.6387883112734,297.37102187655637
2023-05-08,20172.348148059114,27931.74087978827,7228.770076426472,4600.945507937459,19529.06110052712,7236.143097980777,6854.689905998549,3804.409465405623,48737.48320942389,41.85932956136261,2099.597615183058,244.1406321598369
2023-05-15,22140.767082643353,19951.40516825773,8271.38371437625,4082.0523771160683,16583.63030638296,15627.929620034609,6594.4563055052595,4133.711705421008,42960.79673452456,35.75311547976181,2041.647201625596,243.25179663869412
2023-05-22,27492.488931560645,15908.605716644277,6556.096590199379,6811.734716864444,14812.494117535352,14361.582304104537,8615.181572650523,4314.905134902253,43190.83917484599,43.12017240951474,2106.282699770252,250.3916801906698
2023-05-29,26313.50131235823,13414.4025493701,5388.074452410587,6034.012948066017,15679.1352194774,11530.445516932687,7702.088875668249,3878.657807108121,53297.74408315113,44.66572707571072,2056.1273225396462,249.6001076060313
2023-06-05,24353.008625496972,13735.440186954933,5181.7652702590385,4414.902581284368,16356.494481642632,10553.392025025936,7761.165168496486,3267.388776696755,41898.47292459946,24.180560719028673,1882.7988410572166,208.98302940512733
2023-06-12,23911.176717031543,14922.024346045262,5575.630781758205,4807.196408111387,15451.585649492825,11324.344584157354,8348.332325216339,3627.1657051538655,42041.43057654091,39.28709164616886,2007.5204719189053,248.0297351497043
2023-06-19,26247.547876873152,12245.180910117146,5446.9711296328605,3804.2773696416057,16230.804127985984,11563.772226755043,7680.504090372259,3949.175872062152,44417.0349490083,42.522925366965744,2050.68427804961,240.66619058505586
2023-06-26,24045.760159462894,10643.838929604677,4992.11214831635,3590.919765109255,20464.79345742433,10860.047138800915,8730.260879691727,4454.8952269362,46901.38605145842,37.465742981572234,1992.6582690947614,248.87869864958782
2023-07-03,20682.584030135487,10464.74234051595,4684.175895101055,4755.7451578761375,18949.88749251338,9157.219404049325,11174.68653417157,3769.013882853165,43054.93728582714,47.9322391657911,2166.185431030499,256.1169323275306
2023-07-10,22094.839072934275,9551.295042986196,4464.846320685694,5241.295093514418,17093.333496851144,10259.334042530152,10275.203991592252,3377.986812086779,38446.84341399568,42.92547122937769,2073.999111392405,248.48914468121652
2023-07-17,20887.631177167026,10273.04180165456,4242.668685549701,8987.082689559276,21539.75945491567,12596.423472224693,10884.600672143037,3682.2061928264684,41268.2183266211,38.83276004266844,2065.4495595267445,263.1642354637567
2023-07-24,22605.251903623273,7262.023375579936,6011.793920007972,6342.674305324477,24149.220175497812,11110.84443299835,7777.470206678089,3623.046379956196,51151.70756993055,43.933029242247045,2122.2891033326227,252.45598672956538
2023-07-31,19900.169390543295,6823.419870486839,5969.671692600506,5391.86006469088,23175.517787688535,12930.312871776923,8667.963849002994,2853.8003051670935,45337.75679572074,59.39473106773599,2348.171675951071,291.69140019151615
2023-08-07,15232.898712328939,6549.330208530913,6420.08364878456,5299.138761308995,36836.11959180694,13908.660233616474,16190.442344878862,3166.8169702203595,47076.37195484336,70.50448227797189,2416.100528054504,290.24442405105697
2023-08-14,12406.617172983748,5282.778602877058,5755.731680007765,5305.90533048105,31111.359731526005,15480.602191643837,12671.375879050664,2558.542865188971,43838.84818108843,69.28127781361036,2543.465948440533,308.5392644552119
2023-08-21,15399.181174556572,5397.9619142231895,5618.208318878776,5321.551671211781,30782.097313376016,16967.63867362521,13506.300865534147,2446.5714057386044,42128.004945787034,69.12410752169085,2446.2521920750078,294.1099317642919
2023-08-28,17678.10275587571,5509.649564776662,5254.760708228337,5467.553858899626,64686.42082748696,15005.436257878002,11807.785979054579,3080.6495767800793,53219.210711119566,71.63127747403126,2527.2494287220397,310.0527444570458
2023-09-04,15245.46051576067,6100.177573356869,4042.1146362081627,9977.151924461308,45341.285676379826,12443.13493969194,10917.167768543284,6702.819184913372,44161.055529190366,57.24915257627023,2253.268411011117,264.9079564185096
2023-09-11,13412.382699289308,7668.6643898338825,4031.294393459975,7200.590305048111,40855.30046454323,12561.556489733563,10020.612381861707,4210.430462170679,43048.41884317084,60.95250875823204,2318.47362237673,270.3444465010541
2023-09-18,15315.694595784276,7613.586548875509,3882.80533736965,6625.196170176468,42281.4705075551,14976.700493047569,7781.575733066338,3399.7282306910356,50213.13904451724,52.88941926143741,2163.0264871290815,254.4545689324736
2023-09-25,12227.029855038083,6958.329203634713,3656.354172004821,7579.977350020404,30232.798774836905,14095.747850293505,7153.737176820958,3038.0288342783833,41864.007737040345,54.85935994352257,2265.5018329902096,272.6579029694179
2023-10-02,10822.580774388854,7456.730571542684,4061.5701334936994,6393.131760581983,36884.70740353647,13235.54024718761,8575.433795364406,3416.982713049443,42401.75510609678,52.067746933959356,2298.5564578305853,274.0602246552676
2023-10-09,12037.004292728141,9018.71789963966,5991.415673055253,6692.897947666574,32334.674436024383,11015.830885415706,6566.000625276121,2758.574380356771,45046.13370991697,55.6638641640812,2425.909369732257,296.79132337964023
2023-10-16,11425.261961604232,8116.360239462866,6664.573911499294,6481.4174065416955,35701.358939632606,14873.539486593185,6375.508510435611,2364.5989749171613,45001.21548481209,55.475919051316644,2366.6100013671557,294.4310537626308
2023-10-23,11635.380709945852,7756.001625097793,8534.993487477373,7185.096823650241,37714.643873025954,15997.009187981648,6421.194573719021,4832.262506299482,46183.54771315864,29.796493074482918,2035.44951787534,236.44723544716072
2023-10-30,11638.649344178162,16434.05485639588,9179.34056740938,7311.961307275388,43154.39987639471,16449.244925938954,8194.025806446356,3341.5144060480307,55469.28248037267,35.26832815322777,2197.112233860133,257.7818777303045
2023-11-06,12478.496602431636,13779.608900290343,10234.050484612373,9332.112487034976,44021.87293029704,16910.364646156813,8387.724424272505,2958.8557833128334,46538.843799333896,43.35188614097632,2448.7621961281434,282.3615481888744
2023-11-13,15012.088936775712,13883.406175860782,9118.934444580513,9798.21446591614,56163.94014069193,16175.738506354923,7134.617816597631,2074.8779801274554,35476.02419396739,48.24893569948868,2426.9285626153655,307.4744114399167
2023-11-20,14640.449022782566,13121.918192998008,10187.328823034532,8168.326089849399,43910.101971584554,14008.041218360539,7891.144843036998,3433.2882647022475,46492.56392032397,47.77846098992231,2473.1589567803994,299.21643080662255
2023-11-27,15613.803688141412,14035.034695205955,11372.098096559916,9229.581220705406,41397.686159714365,12660.73476723199,6482.586055971197,2194.9583791729215,45170.78323438892,61.360062327381094,2685.8859567434415,326.14473336962556
2023-12-04,11967.587825910494,12118.918921794871,10568.738094635864,8402.83058572981,37844.23551502215,11283.1910832697,6927.522488727709,1753.4169492600142,45195.95050401032,61.57903489487817,2714.12406970864,314.9732212847884
2023-12-11,13013.98386949928,12673.799223109585,11666.899122354334,14543.626713244996,38197.931429651806,14847.63295690516,5365.1076878547,1894.0397727119869,46120.48542980932,62.76461431744738,2789.773660974884,334.76347940493105
2023-12-18,12710.914492275335,12955.265761857338,12554.247527712643,12791.296908749047,39320.64884109561,13581.904019818458,6004.245742580748,1786.2080351417528,44871.13257863436,68.56762660636245,2866.5849188014586,348.0641741314797
2023-12-25,12181.17488207954,11832.92962785237,11589.079409238373,10617.12848301677,38597.04905846574,11140.937655871883,5346.900106946289,1664.9667243174997,44763.867297721554,67.75484528266276,2880.526510004256,343.64111967623535
2024-01-01,12568.346211691602,10856.985699672263,10313.264508870543,11015.953075162868,33977.7552759263,10762.351503100983,4556.9234340608755,1514.1545781519712,47845.01394759328,57.01973419881658,2463.3795561376264,304.21119173512636
2024-01-08,13941.691583062884,13624.773275671168,9509.126378172054,9144.549344324309,25269.573306112175,8670.012293564385,4491.492347734061,1523.4219119547809,42625.57435218095,36.10908804881629,2196.358484891688,282.05766719214523
2024-01-15,17638.961985618673,14106.163617326705,10504.172225998438,8157.936055363727,24195.200277421915,10030.76023922414,4693.758496109691,1638.970626079282,40931.251073306405,35.07030322290838,2306.7747422026464,269.23646644756593
2024-01-22,15978.200989371486,13441.90417911094,11506.939324018633,7440.288843199676,46165.05235032331,8383.320928779216,4386.0658025378925,3386.2129344252485,60888.27546204307,44.14380678537564,2403.203443152662,280.20771521050585
2024-01-29,17927.05189393828,14672.879478111137,10626.52387412467,6980.974278215832,31992.758219723117,8467.406649373484,4752.104438620767,1975.873874677471,41891.24039941328,42.49027477695806,2373.3097840980713,277.77512556753993
2024-02-05,18445.889390975666,18095.78872088481,11059.707502234005,8049.698476917534,30447.61633948836,9018.421652377809,4370.25909451027,1747.45192286243,45452.90709282291,50.401646799820284,2443.6091906951524,306.08269616355017
2024-02-12,19422.35552260217,13827.073272074558,12012.753267152855,8206.576717665212,29961.365438802655,8576.873699629012,4794.7650032011725,1841.9818507072093,38748.67124201518,51.511142847218416,2426.94065255848,299.57172084325504
2024-02-19,42957.03449525012,12773.623772885072,12616.072855954122,9297.049096647355,47803.03445154269,7957.399980929916,5009.254907599574,1875.9281046305812,45527.17185205738,61.51344283987221,2651.1994948637002,317.0597168412948
2024-02-26,38236.16591906707,12988.716725685075,14392.592004668812,10588.494550396314,24162.215226588956,7462.377665254424,4885.668981046881,2048.963783017659,40990.48369244269,56.84902061493248,2633.9845328747606,316.37062126017827
2024-03-04,39385.37185706097,17430.19446998612,14964.415194096373,7617.125903641921,18945.312118976562,7076.070643326477,4633.580246389089,2171.375455891312,43052.28018691256,59.22013510448749,2688.1180783036634,316.0418203868658
2024-03-11,33819.86253016907,18228.708974927635,11502.834204609782,6892.503561803045,23350.777043648806,6414.553599848959,4858.830714107336,2142.564730157527,49957.31577576998,61.423188599872866,2659.545125827631,326.2656323612612
2024-03-18,28859.512336340656,19752.147946312165,13166.159936551845,5464.183050936376,19761.397225113327,6116.915430142232,5322.420127046247,2105.76359809529,47174.96958881177,71.15136586094783,2750.738151236463,327.04936355550717
2024-03-25,27639.866378043476,16404.5067312263,10833.968193048147,4845.6194243533955,14786.10655742659,7499.652090850801,6865.276086401285,2193.0472495524814,47631.935123087205,53.26799423808404,2355.105763722884,280.5320793311061
2024-04-01,28452.84589856371,14418.481396943493,11329.733004652411,4488.541440546057,17892.829931958295,7114.028602126796,7188.405963591326,2710.0511335595434,37695.54832554025,48.94712919404198,2289.2777334784214,279.58364618964464
2024-04-08,28734.15747579797,15803.46259076073,10188.753598840636,3996.6969648722343,17404.16646390383,6384.364080476747,7561.337351696719,4545.839664739696,54073.9203987571,55.94583219834161,2337.0895821819067,278.946790357163
2024-04-15,24776.635455968764,15786.040278986793,8815.93387682979,3658.0504942933453,19429.820188519414,6203.776645968712,18436.695111217272,3895.5481031318523,39943.83564986431,67.12383759690248,2517.7176450605807,300.2463894592869
2024-04-22,25769.124080970516,16477.609671201073,6666.3128941589375,3804.1241601694483,18883.720306011328,7475.419269433333,13665.93151180176,3687.730999508017,52432.07755973926,65.61964217865862,2545.3217157988283,305.52320754009196
2024-04-29,26676.979192483148,15259.100807090708,6647.16774387264,3395.1213369194725,18973.300968563195,8122.228764587275,11410.742343212698,4260.807956672489,49839.95025418602,60.154080427555,2266.4196852641153,278.3332055420384
2024-05-06,35575.073989121025,15089.261811808123,5522.964457897577,4002.086592093919,18883.332282304105,8575.626886896114,10609.570428370891,3794.497504668866,47674.45710223148,64.18021129143956,2397.9663263787183,300.92790376931686
2024-05-13,39279.29268410666,14506.188981338117,6525.628480053983,3581.8206890052575,19709.024689563783,8178.858254355819,8387.846048026653,4142.2176763152665,41312.454311192036,68.29379043500512,2535.273278148043,308.91668323573384
2024-05-20,29804.597839558446,14958.361817042782,7654.642178866963,5188.506765183509,24686.716968091958,8908.040984833642,7840.494570424653,4577.706813813879,45687.35091015589,61.757738918665645,2338.0132670501935,286.98810583501734
2024-05-27,26282.006995195956,15038.731750776218,6346.856639060238,4452.922596886113,24669.30576193042,8278.865243581376,7573.788628123962,4216.494611649581,42929.977095535934,62.048649632352884,2366.7362180516543,282.4095136693895
2024-06-03,20707.594459690183,11078.358823024144,6335.553022399131,4291.902926034921,18364.25677605469,8414.62649543507,8640.141169544275,3952.1409269209576,45130.86799733501,69.08313780517807,2444.312503247276,287.65511748432334
2024-06-10,19370.694698886527,8278.15671360281,5537.8239090581355,3563.093597313319,19587.06804928245,10035.7141175565,8653.840379761188,3751.646285141604,43889.50668626595,80.39018219033807,2588.1803247650237,315.8135288296837
2024-06-17,20324.86345408409,9948.39378670344,5091.164808735931,4544.48417559612,22525.275997711597,11328.117383513896,9112.94364799658,3666.4009672643133,36700.90591590955,80.25298542615279,2542.7349524429815,306.49812088996237
2024-06-24,22922.346422100643,11284.862189685597,5668.681846044974,8985.584747586894,25242.464177754995,9985.309589898363,10684.395938096592,4126.22533861508,50342.05971137179,74.55549951424697,2621.627903956577,303.2143192847912
2024-07-01,19298.223101892192,9261.447379695204,5490.856676947871,7102.297709654769,22730.524185986273,9502.774647090642,11647.514812903659,4125.044522946194,44636.49393542139,69.2117982030943,2544.4171709672232,302.705503528662
2024-07-08,17099.692934243853,7268.787361462251,6644.266456548326,5054.919709327564,47075.42901475098,10502.821937749603,10980.485895182812,4108.087643122104,42870.43595625835,69.82861102002443,2538.7262841665097,303.9839779121287
2024-07-15,12980.489353427758,7765.21523598562,5761.820084432657,4943.308509562252,41538.01712144389,13822.726444403148,10000.983182798616,3457.299321041454,42547.8687863368,64.93750607618394,2371.777947212517,280.5296907292742
2024-07-22,13533.39438290221,8869.846684816992,6288.906539881887,4208.274289030859,47500.44730480126,10828.15986550114,11732.510835374114,3122.9892047145395,46642.3276442929,63.467128853126255,2388.225595140023,298.4409561731398
2024-07-29,12277.718282882672,10646.978090544751,6001.274287517088,5244.734571137322,35419.94414225105,12177.27804941161,12483.509475095241,4202.230997072255,41152.589602331616,52.310692966254,2191.857893235757,266.86165948350856
2024-08-05,12096.892913100137,10220.580740652811,6372.203660674936,5685.231675327594,30672.922844666842,10898.223257785361,9762.535802782306,3811.0377384168924,35914.63720273018,62.225011944932476,2355.548896690037,293.6512669459136
2024-08-12,11328.87794640083,8913.48529208349,5756.67921708758,5592.817751028762,29112.843768804774,11188.735516979335,9690.752032614198,3284.188113577751,46869.89023792522,50.65853173875655,2253.068428284408,272.47561348734627
2024-08-19,11773.164776212314,7648.472286173441,5711.533472834828,4155.925682345219,27980.709222890302,11844.898721894271,10164.805361842133,3827.2377309959197,47397.65664292689,47.06993130738114,2077.6250063944767,249.96610345873782
2024-08-26,9777.070790273447,7723.045755873191,5706.521589573388,4152.962683896763,26391.970819424187,12276.298689008545,11207.931474736994,3624.085374949617,44110.56431103127,48.436691132719425,2017.457781521716,234.60215124172393
2024-09-02,8888.801586855694,7508.597824916811,5302.906153272308,5165.548441210368,20580.979425232817,12436.880850058302,12024.625977346614,3563.4693617520707,40119.88923515513,64.67724794528465,2307.080119654017,276.94505062405455
2024-09-09,12768.769229718755,6799.189873755777,6143.3179258812315,6455.0343590095745,23443.940807212126,13399.286871832726,11551.082596392476,3177.8731876741317,45401.99486588801,58.3603344774091,2166.1051464636184,260.03704898103774
2024-09-16,10665.877409393419,9271.748335272028,6859.896742490618,7500.08923105751,28406.802122218593,13164.634281717215,11523.566307005285,2835.171525226424,38869.47557240636,51.360141070244104,2096.0689448420767,240.59136230877533
2024-09-23,9676.417760909493,19959.762129973034,13401.829286382655,6082.017539727504,29282.04832927692,11606.829457599893,10658.766028730428,2631.90610920362,40606.957954003636,46.68157751752493,2111.6062969202917,249.07653587227185
2024-09-30,12901.703889030692,17068.484836971416,13114.908468254796,6769.977167164469,40254.39336922566,13922.323031554553,9132.99973288653,2129.32864804445,41745.54320925886,60.61643935491044,2380.8859470557427,283.1200528585582
2024-10-07,17700.899297382723,12196.818830426544,13028.918932410032,8027.580656132896,39506.4405085342,15504.374762226968,8539.414680858872,2129.5032568681745,48962.58313190931,35.99437553588018,2288.732720554653,277.9557628190041
2024-10-14,24071.71625774178,12302.6738187011,10613.145798345657,6596.261045998989,45626.244306897446,16653.3217777581,8310.439933742644,2192.674567688787,43397.48086023383,30.77359633151545,2237.254754700575,272.1613714599547
2024-10-21,18081.0099390215,12241.707046211146,10345.069371624086,12895.797842666943,44312.1203644751,12960.352176977065,7970.049619925573,2650.2937845241977,43029.06633409485,56.46918673848877,2659.784587725434,314.5236026713304
2024-10-28,16468.653989903407,12113.212422669681,9187.31200191804,11578.949443125284,46459.884934123234,13557.402949265148,6100.423602824248,2390.015656917433,54714.663309057316,59.90240597872412,2620.009544778921,318.1521021938056
2024-11-04,18477.882624198315,13483.21746390585,9348.166651611495,10164.208720802155,44703.77051300504,14400.194320394863,6019.824951219997,1649.0616881190344,46614.36425687024,49.074045188265536,2506.191306954224,299.28632539971875
2024-11-11,14537.100947548251,13668.679142243589,8914.146738778421,7804.246789572562,49402.87219123837,12014.544750132362,6190.102378366961,1675.1349564072991,46551.62635016927,48.92389229321426,2531.7146902805825,280.84880263483024
2024-11-18,13771.29039502667,14219.177072453342,11449.147496134878,7930.37820706905,44685.877381552724,11902.462994077892,5948.449478787941,2353.5260274645298,43366.72384127835,49.6787503631143,2533.7440412322235,300.17166869225446
2024-11-25,15246.985703080434,14672.657413205347,11743.052367972457,8031.517862255161,43709.18991553072,20616.99619372138,5723.987318995857,2325.269992813843,42394.78345752043,56.512002257736285,2691.862490459857,331.65540797632184
2024-12-02,15878.115134120433,14713.287505281993,11266.107806048201,8276.184603692449,41936.34651499355,20340.757408736194,6001.888792432896,1874.6075013529648,36162.47018281421,69.92561782876953,2960.9506610464337,341.8596332725506
2024-12-09,15036.984414331428,11623.660555258537,13123.16656051805,8013.422409760815,37248.51492062293,19998.63917706895,5054.498498687911,1920.109054885991,49577.47229534848,69.04890771324935,2914.005720268309,350.58221603552136
2024-12-16,15203.221193302446,12687.262070526824,9758.101796916082,7928.965416955827,36938.84294616258,12627.684198501183,4176.8035833152,1658.5230644903434,47063.297941373305,60.92081974649579,2807.2258702207923,349.5491941399774
2024-12-23,13430.683169159727,12634.898166860183,8252.716934202515,8214.130779074234,45045.44960301264,15153.072282971923,4252.785832322758,1401.344409716394,44200.93269018791,65.03333133398226,2921.3770620481664,344.4803438216961
